Apêndice J -,,,,,,,,,,,
Dados do saneamento básico dos,,,,,,,,,,,
municípios paulistas - 2022,,,,,,,,,,,
,Município,Concessão,PoUprublaançaão,"Atendimento (%)
Coleta Tratamento",,Efic(i%ên)cia,"Carga Poluidora (kg
Potencial Remanesc.",,ICTEM,"Município
litocroâmneo
emissário*",Corpo Receptor
1,Campos do Jordão,Araucária,52384,"52,6",100,"93,0",2829,1445,"5,97",,"Rio GCaupaiçvua rei,  aRfilou eSnatpeuscaí-"
1,Santo Antônio do Pinhal,SABESP,4067,"46,7",100,"80,0",220,138,"4,63",,"Rio da Parfaltuae, nRtieos Preto e"
1,São Bento do Sapucaí,SABESP,5251,"98,0","100,0","91,3",284,30,"9,97",,Rio Saafpluuceanít eMs.irim e
2,Aparecida,SAAE,35684,"70,0","0,0","0,0",1927,1927,"1,55",,Rio Paraíba
2,Arapeí,SABESP,1844,"95,6","95,6","99,0",100,9,"9,86",,Rio Barreiro de Baixo
2,Areias,PM,2619,100,"0,0","0,0",141,141,"1,50",,Rib.Vermelho
2,Bananal,SABESP,8808,"88,1",100,"75,0",476,161,"7,61",,Rio Bananal
2,Caçapava,SABESP,81929,100,"99,5","58,3",4424,1858,"7,26",,R. Paraíba e Cór.Boçoroca
2,Cachoeira Paulista,SABESP,27623,100,100,"87,2",1492,191,"9,70",,"R.Paraíba, Rib.das Pitas,
Minhocas; Aguada; Cor. Rio
Branco"
2,Canas,SABESP,4890,"84,6",100,"89,0",264,65,"8,16",,Ribeirão Canas
2,Cruzeiro,SAAE,80783,"74,3","6,2","67,6",4362,4226,"1,41",,"R.ParaíbaP,o Rnitbil.hLãoopes e Cór."
2,Cunha,PM,11893,"90,0","16,0","34,7",642,610,"1,91",,Cór.do RCoadbeeiço;a sRib. Sete
2,Guararema,SABESP,26217,"60,4",100,"70,4",1416,814,"5,67",,Rio Paraíba
2,Guaratinguetá,SAEG,117355,"98,2","47,2","50,4",6337,4856,"3,90",,"R.Paraíba, Rib.Guaratinguetá,
S.Gonçalo e Motas; Cór. Dos
Escritores"
2,Igaratá,SABESP,7640,"30,7",100,"80,1",413,311,"3,76",,Rib.PaRlemse.idroa sJ aagfluuaerinte do
2,Jacareí,SAAE,233844,"98,2","99,1","77,5",12628,3108,"8,36",,R.Paraíba do Sul e Rib.Turi
2,Jambeiro,SABESP,3269,100,100,"96,0",177,7,"9,70",,Rib.Capivari
2,Lagoinha,SABESP,3165,"83,5",100,"97,0",171,32,"9,45",,Rib.Botucatu
2,Lavrinhas,SABESP,6757,"73,2","88,3","38,8",365,273,"4,55",,"R.ParaíRbioa  Jdaoc uSiuzli;n Rhioo Jacu,"
2,Lorena,SABESP,86968,"99,6",100,"65,7",4696,1623,"7,74",,R.Paraíba do Sul e Rib.Taboão
2,Monteiro Lobato,SABESP,2045,"84,4",100,"73,4",110,42,"7,30",,Rio Buquira
2,Natividade da Serra,PM,2765,"96,0","50,0","12,0",149,141,"2,86",,Represa Paraibuna

2,Qualidade das Águas Interiores no Estado de São Paulo,,,,,,,,,,
,Município,Concessão,PoUprublaançaão,"Atendimento (%)
Coleta Tratamento",,Efic(i%ên)cia,"Carga Poluidora (kg
Potencial Remanesc.",,ICTEM,"Município
litocroâmneo
emissário*",Corpo Receptor
2,Paraibuna,"Cia de Água
eP aErsagibotuon ad e-
CAEPA",5518,"68,0","40,0","97,0",298,219,"3,83",,R.Paraibuna
2,Pindamonhangaba,SABESP,165703,100,100,"70,2",8948,2666,"7,76",,"R.Paraíba,e  RUibm.Ca.uruputuba"
2,Piquete,Águas de Piquete,12639,"84,3","0,0","0,0",683,683,"1,26",,"Rios Piquete, Benfica e Sertão"
2,Potim,PM,19415,"85,0","10,0","31,0",1048,1021,"1,60",,Rio Paraíba; Rib. Dos Buenos
2,Queluz,SABESP,11308,"77,2","85,0","93,0",611,238,"6,71",,Rios Verde e Paraíba
2,Redenção da Serra,SABESP,2187,"44,3",100,"89,0",118,72,"4,92",,Res.Paraibuna
2,Roseira,SABESP,10340,"93,6",100,"70,5",558,190,"7,39",,R.Pirapitingui
2,Santa Branca,SABESP,13165,"64,0","5,0","60,0",711,697,"1,66",,Rib.Barretos e R.Paraíba
2,Santa Isabel,SABESP,45928,"57,3","5,0","80,0",2480,2423,"1,59",,R.Araraquara e Res.Jaguari
2,São José do Barreiro,PM,2914,"84,7","0,0","0,0",157,157,"1,27",,Rib.do BEasrtrâenircoi ae Cór.da
2,São José dos Campos,"SSAANBEEVSAP-P
(Saneamento do
Vale do Paraíba)",722310,"94,4","99,2","87,0",39005,7243,"9,91",,"R.Paraíba do Sul, Cambuí,
Peixe, Alambari e
Pararangaba"
2,São Luís do Paraitinga,SABESP,6356,"88,3",100,"95,9",343,53,"9,82",,Rios Paraitinga e Chapéu
2,Silveiras,SABESP,3169,"95,9",100,"90,0",171,23,"9,94",,Rib.SilvMeiarcaasc; oRsib. Dos
2,Taubaté,SABESP/ PM,313898,"100,0",100,"97,9",16950,356,"9,80",,"Cór.JudJe.uR, aPiimraucnadnogaguá e"
2,Tremembé,SABESP,43465,"98,6",100,"98,0",2347,79,"9,78",,R.Paraíba do Sul
3,Caraguatatuba,SABESP,120021,"78,6",100,"84,5",6481,2177,"7,50",,Rios Diversos / Mar
3,Ilhabela,SABESP,35945,"40,5",N.D,N.D.,1941,N.D.,"3,59",SIM,Rios Diversos / Mar
3,São Sebastião,SABESP,90605,"44,6","98,2","90,9",4893,2946,"5,23",,Rios Diversos / Mar
3,Ubatuba,SABESP,90588,"34,7","99,0","70,2",4892,3712,"4,08",,Rios Diversos / Mar
4,Altinópolis,DAE,14172,100,100,"51,0",765,375,"6,82",,Cór.Mato Grosso
4,Brodowski,DAE,24986,"99,0",100,"78,5",1349,301,"8,54",,Cór.dMa atDaivdiosau reo Cór.
4,Caconde,DAE,12975,100,"0,0","0,0",701,701,"1,50",,R.São Miguel
4,Cajuru,SABESP,23680,"96,4",100,"86,0",1279,219,"9,95",,Cór.Cajuru
4,Casa Branca,ÁguBars adnec aCasa,25075,100,"95,0","93,0",1354,158,"9,63",,Rib.das Congonhas
4,Cássia dos Coqueiros,SABESP,1696,"91,4",100,"80,0",92,25,"8,12",,Rio Cubatão
4,Cravinhos,SAEE,34965,"99,0","99,0","73,0",1888,537,"7,83",,Rib. Preto
4,Divinolândia,SABESP,7379,"85,2",88,"88,0",398,136,"7,06",,Rio do Peixe
4,Itobi,SABESP,7085,"88,5",100,"85,6",383,93,"8,25",,Rio Verde
4,Jardinópolis,DAE,43706,100,"0,0","0,0",2360,2360,"1,50",,Cór.Matadouro

Apêndices,,,,,,,,,,,3
,Município,Concessão,PoUprublaançaão,"Atendimento (%)
Coleta Tratamento",,Efic(i%ên)cia,"Carga Poluidora (kg
Potencial Remanesc.",,ICTEM,"Município
litocroâmneo
emissário*",Corpo Receptor
4,Mococa,SABESP,63715,"99,0",100,"86,6",3441,491,"9,99",,Rio Canoas
4,Ribeirão Preto,AMBIENT,718072,"99,5","94,0","93,5",38776,4866,"9,90",,Ribeirão Preto e Rio Pardo
4,Sales Oliveira,DAE,10959,"99,2",100,"76,4",592,143,"8,42",,Cór.Aurora e Cór.Lageado
4,Santa Cruz da Esperança,SABESP,1467,100,100,"72,0",79,22,"8,18",,Cór.Brilhante
4,Santa Rosa de Viterbo,SABESP,25700,"96,2",100,"73,5",1388,407,"8,04",,Cór.Bibiano e Cór.Caçador
4,São José do Rio Pardo,SAERP,48968,100,"12,0","38,5",2644,2522,"2,28",,Rio Pardo
4,São Sebastião da Grama,"Águas de São
Sebastião da
Grama",7996,"96,9","99,0","83,0",432,88,"8,62",,Rio Fartura
4,São Simão,DAE,13919,100,"0,0","0,0",752,752,"1,50",,Cór.São Simão
4,Serra Azul,SABESP,10892,"92,8",100,"90,0",588,97,"9,89",,Cór.Serra Azul
4,Serrana,DAE,45677,100,100,"78,0",2467,543,"8,57",,Cór.Serrinha
4,Tambaú,"Departamento
ÁgMuau nei cEispgaol tdoe de
Tambaú",20663,100,100,"63,0",1116,413,"7,30",,RioTambaú
4,Tapiratiba,SABESP,10671,"91,7","40,0","80,7",576,406,"4,40",,Rib.Conceição e Cór.Soledade
4,Vargem Grande do Sul,SAE,41168,100,"95,0","55,0",2223,1062,"6,83",,Rio Verde
5,Águas de São Pedro,SABESP,3588,"96,5","100,0","84,0",194,37,"9,65",,Rib.Araquá
5,Americana,DAE,243228,"95,7",100,"44,4",13134,7555,"5,90",,Rio Piracicaba
5,Amparo,SAAE,57569,"95,0","53,0","79,0",3109,1872,"5,32",,R.Camanducaia
5,Analândia,PM,4061,"96,0",100,"57,0",219,99,"7,00",,R.Corumbataí
5,Artur Nogueira,SAEAN,50926,"98,0","33,0","94,1",2750,1913,"4,15",,Rib.CotrBinarsr (a8s 0(2%0) %e )Rib.Três
5,Atibaia,SAAE,132317,"67,8",100,"92,1",7145,2684,"7,08",,Rio Atibaia
5,Bom Jesus dos Perdões,PM,23370,"20,0",100,"85,6",1262,1046,"3,11",,Rio Atibainha
5,Bragança Paulista,SABESP,167074,"89,6","100,0","99,0",9022,1019,"9,84",,Rib. Lavapés
5,Campinas,SANASA,1202203,"96,3","99,8","87,5",64919,10315,"9,64",,"Rib.Samambaia / Anhumas
(45%), Quilombo (15%) e
Capivari (40%)"
5,Campo Limpo Paulista,SABESP,86407,"60,2","95,0","97,7",4666,2059,"6,16",,Rio Jundiaí
5,Capivari,SAAE,53839,"95,0","12,5","92,9",2907,2588,"2,53",,Rio Capivari
5,Charqueada,SABESP,15912,"86,9","98,0","78,9",859,282,"7,64",,"Rios Tijuco Preto,
Charqueada, Fregadoli e
Água Parada"
5,Cordeirópolis,SAAE,22559,100,"70,0","96,7",1218,394,"7,15",,Rib.Tatu
5,Corumbataí,PM,2200,100,100,"80,0",119,24,"9,80",,R.Corumbataí
5,Cosmópolis,DAE,69340,"98,0","0,0","0,0",3744,3744,"1,47",,Rib.Três Barras
5,Elias Fausto,SABESP,14405,"94,6",100,"90,1",778,115,"9,62",,Cór.Carneiro
5,Holambra,Águas deHolambra,11303,100,100,"82,0",610,110,"10,00",,Rib.Cachoeira e Cór.da Bordada Mata

4,Qualidade das Águas Interiores no Estado de São Paulo,,,,,,,,,,
,Município,Concessão,PoUprublaançaão,"Atendimento (%)
Coleta Tratamento",,Efic(i%ên)cia,"Carga Poluidora (kg
Potencial Remanesc.",,ICTEM,"Município
litocroâmneo
emissário*",Corpo Receptor
5,Hortolândia,SABESP,237570,"95,2",100,"87,0",12829,2203,"9,93",,Ribeirão Jacuba
5,Indaiatuba,SAAE,258069,"97,7",100,"93,6",13936,1192,"9,67",,Rio Jundiaí
5,Ipeúna,PM,6734,"90,5",100,"93,0",364,58,"9,56",,Cór.das Lavadeiras
5,Iracemápolis,PM,24467,100,"0,0","0,0",1321,1321,"1,70",,Rib.Cachoeirinha
5,Itatiba,SABESP,104900,"89,7",100,"74,0",5665,1905,"7,66",,Rib.Jacarezinho e R.Atibaia
5,Itupeva,SABESP,55863,"74,2",100,"75,1",3017,1336,"6,43",,Rio Jundiaí
5,Jaguariúna,PM,58193,"98,0","92,9","91,8",3142,516,"9,86",,Rio Camanducaia
5,Jarinu,SABESP,24091,"29,7",100,"93,8",1301,938,"4,26",,Rib.Campo Largo
5,Joanópolis,SABESP,13453,"65,2",100,"93,0",726,286,"6,92",,Rio Jacareí
5,Jundiaí,"Companhia
Saneamento de
Jundiaí - CSJ",408569,"99,5",100,"95,6",22063,1076,"9,69",,R.Jundiaí
5,Limeira,"BRK Ambiental
Limeira",301509,100,100,"98,7",16281,212,"10,00",,"Rib.Tatu (71%), Rib.da
Graminha (11%) e Rib.Águas
da Serra (18%)"
5,Louveira,SAE,49042,"86,6","100,0","86,3",2648,668,"7,86",,Cór.Sto.Antonio e R.Capivari
5,Mombuca,SABESP,2896,100,100,"91,0",156,14,"10,00",,Cór.Mombuca
5,Monte Alegre do Sul,PM,4680,"95,0","0,0","0,0",253,253,"1,43",,R.CamanduAclaeigar ee Rib.Monte
5,Monte Mor,SABESP,57962,"90,7",100,"96,1",3130,402,"9,56",,Rio Capivari
5,Morungaba,SABESP,11902,"89,9",100,"87,0",643,140,"8,43",,Rib.dos Mansos
5,Nazaré Paulista,SABESP,15989,"12,8",100,"92,0",863,762,"2,96",,Rio Atibainha
5,Nova Odessa,CODEN,60710,"96,2",100,"90,8",3278,415,"9,94",,Ribeirão Quilombo
5,Paulínia,SABESP,114402,"94,9",100,"81,6",6178,1394,"8,45",,Rio Atibaia
5,Pedra Bela,SABESP,1526,"70,6","0,0","0,0",82,82,"1,06",,Cór.Pedra Bela
5,Pedreira,PM,48581,"99,0","92,0","99,0",2623,258,"9,87",,Rio Jaguari
5,Pinhalzinho,SABESP,7666,"96,0","98,0","86,3",414,78,"9,91",,Rib.do Pinhal
5,Piracaia,SABESP,27617,"52,9","98,0","70,0",1491,950,"5,12",,Rio Cachoeira
5,Piracicaba,SEMAMEi-rÁangtueas do,401466,100,100,"90,9",21679,1973,"9,70",,"PiracicRa.mPiirriamci cea Rb.aC, oRriub.mbataí"
5,Rafard,DAE,8044,100,"9,9","84,0",434,398,"2,19",Cór.S.FranSceitsec oF oRg.Cõeaspivari Cór.,
5,Rio Claro,BRKR iAo mClbaireontal,204448,"99,8",100,"89,2",11040,1212,"9,70",,R.Corumbataí e Rib.Claro
5,Rio das Pedras,SAAE,35080,"99,0","0,0","0,0",1894,1894,"1,49",,Rib.Tijuco Preto
5,Saltinho,SABESP,7092,100,100,"97,0",383,11,"9,70",,Rib.Piracicamirim
5,Salto,SANESALTO,119930,"98,0","98,0","41,0",6476,3926,"6,00",,Rio Tietê
5,Santa Bárbara d'Oeste,DAE,193745,"99,0",100,"94,8",10462,643,"9,99",,Ribeirão dos Toledos

Apêndices,,,,,,,,,,,5
,Município,Concessão,PoUprublaançaão,"Atendimento (%)
Coleta Tratamento",,Efic(i%ên)cia,"Carga Poluidora (kg
Potencial Remanesc.",,ICTEM,"Município
litocroâmneo
emissário*",Corpo Receptor
5,Santa Gertrudes,"BRK AMBIENTAL
- STA
GERTRUDES S.A",27554,100,100,"84,2",1488,235,"10,00",,Cór.Barreiro e Rib.Claro
5,Santa Maria da Serra,SABESP/PM,5552,100,100,"87,0",300,39,"10,00",,Rib.Bonito
5,Santo Antônio de Posse,SAAEP,21654,"100,0","100,0","64,2",1169,419,"7,17",,R.CamanPdiuracapiitai n-gMuiirim e Rib.
5,São Pedro,SAE,30503,"90,0","79,0","79,0",1647,722,"6,39",,Rib.Samambaia
5,Sumaré,BRKS Aummabireéntal,286462,"95,0","30,0","91,6",15469,11431,"4,08",,Ribeirão Quilombo
5,Tuiuti,PM,3534,"50,0","0,0","0,0",191,191,"0,75",,Rib.do Pântano
5,Valinhos,DAEV,126726,"94,3",100,"77,9",6843,1840,"7,85",,Rib.Pinheiros
5,Vargem,SABESP,5446,"46,4",95,"99,1",294,166,"5,47",,Rib.da Limeira
5,Várzea Paulista,SABESP,124269,"84,2",100,"97,7",6711,1190,"9,46",,Rio Jundiaí classe 4
5,Vinhedo,SANEBAVI,78954,"91,5","99,8","85,4",4264,939,"8,44",,R.Capivari e Rib.Pinheiros
6,Arujá,SABESP,88764,"71,5",100,"75,0",4793,2223,"6,56",,Rio Baquirivu-Guaçu
6,Barueri,SABESP,279704,"83,5","61,0","86,7",15104,8434,"5,54",,Rio Tietê
6,Biritiba-Mirim,SABESP,28550,"53,1",100,"84,0",1542,854,"5,40",,Rio Tietê
6,Caieiras,SABESP,101467,"74,0","15,0","95,0",5479,4901,"2,53",,Rio Juqueri
6,Cajamar,SABESP,77443,"74,4","0,0","0,0",4182,4182,"1,12",,Rib.dos Cristais
6,Carapicuíba,SABESP,405375,"69,8","57,0","86,7",21890,14339,"4,65",,Rio Tietê
6,Cotia,SABESP,257882,"54,0","47,0","84,0",13926,10957,"3,41",,Rio Cotia
6,Diadema,SABESP,429550,"97,5","59,0","86,4",23196,11667,"6,08",,Res.Billings
6,Embu das Artes,SABESP,279264,"72,3","25,0","86,7",15080,12717,"2,68",,Rio Tietê
6,Embu-Guaçu,SABESP,68524,"40,5","99,0","84,3",3700,2450,"4,80",,R.Embu-Guaçu
6,Ferraz de Vasconcelos,SABESP,189747,"82,7","51,0","98,1",10246,6007,"5,20",,Rio Tiête
6,Francisco Morato,SABESP,179007,"58,2","0,0","0,0",9666,9666,"0,87",,Rio Juqueri
6,Franco da Rocha,SABESP,145966,"74,0","0,0","0,0",7882,7882,"1,11",,Rio Juqueri
6,Guarulhos,SABESP,1404694,"86,4","15,0","92,0",75853,66809,"2,81",,Rio Baquirivu-Guaçu
6,Itapecerica da Serra,SABESP,178086,"52,0","95,0","86,7",9617,5498,"5,49",,
6,Itapevi,SABESP,244131,"64,5","59,0","86,7",13183,8833,"4,50",,R.S.J.do Barueri
6,Itaquaquecetuba,SABESP,379082,"63,0","18,0","93,2",20470,18307,"2,11",,RioPsa rTaiteetíê  ((UUGGRRHHII  0026)) e
6,Jandira,SABESP,127734,"74,1","49,0","86,7",6898,4726,"4,40",,R.S.J.do Barueri
6,Mairiporã,SABESP,90579,"25,8","75,0","86,0",4891,4077,"3,10",,Rio Juqueri
6,Mauá,AmSAbiBeEnStaPl/ BMRaKuá,481725,"93,0","93,0","94,8",26013,4684,"9,80",,Parte Guaió
6,Mogi das Cruzes,SEMAE,419794,"60,7","100,0","98,1",22669,9170,"6,78",,Rio Tietê
6,Osasco,SABESP,701428,"77,8","57,0","86,7",37877,23314,"5,03",,Rio Tietê

6,Qualidade das Águas Interiores no Estado de São Paulo,,,,,,,,,,
,Município,Concessão,PoUprublaançaão,"Atendimento (%)
Coleta Tratamento",,Efic(i%ên)cia,"Carga Poluidora (kg
Potencial Remanesc.",,ICTEM,"Município
litocroâmneo
emissário*",Corpo Receptor
6,Pirapora do Bom Jesus,SABESP,19453,"51,0","26,0","96,0",1050,917,"2,29",,Rio Tietê
6,Poá,SABESP,117337,"96,8","87,0","98,1",6336,1101,"9,76",,Rio Tietê
6,Ribeirão Pires,SABESP,125238,"71,2","70,0","95,5",6763,3544,"5,71",,R.Rib.Pires
6,Rio Grande da Serra,SABESP,52009,"50,2","82,0","94,8",2808,1713,"5,02",,Res.Billings
6,Salesópolis,SABESP,11054,"77,3","99,0","79,1",597,236,"7,08",,R.Pnaor aSitoilno g(aD .(dEeT ER eSemdéed)i Ionsf)ilt.
6,Santana de Parnaíba,SABESP,145073,"46,9","45,0","85,5",7834,6420,"3,05",,Rio Tietê
6,Santo André,SABESP/SEMASA,723889,"99,5","45,9","86,4",39090,23675,"5,24",,R.Tamanduateí e Res.Billings
6,São Bernardo do Campo,SABESP,835657,"92,3","31,0","85,6",45125,34073,"3,94",,Rib.dos BMilelinnignsos e Res.
6,São Caetano do Sul,SAEE,162763,100,100,"86,4",8789,1195,"10,00",,R.Tamanduateí
6,São Paulo,SABESP,12284940,"89,5","81,0","89,9",663387,231038,"7,30",,"""RioR iTioe Ttêa, mRaion dPuinatheeíi""ros e"
6,Suzano,SABESP,292717,"94,5","72,0","98,1",15807,5256,"7,34",,Rio Tietê
6,Taboão da Serra,SABESP,297528,"89,5","80,0","86,7",16067,6093,"7,08",,Rio Tietê
7,Bertioga,SABESP,65074,"66,0",100,"83,6",3514,1585,"6,55",,Rio Itapanhaú
7,Cubatão,SABESP,132521,"51,3",100,"92,4",7156,3764,"5,85",,Rio Cubatão
7,Guarujá,SABESP,324914,"69,4",N.D,N.D.,17545,N.D.,"4,37",SIM,EPCE-sEtnusáeriaod ad e-  SMaanrt/o EsTE-
7,Itanhaém,SABESP,103374,"49,3",100,"73,2",5582,3568,"5,09",,Rio do PoçIto aen hRiaoé mCuritiba em
7,Mongaguá,SABESP,58311,"82,9","90,0","56,1",3149,1831,"5,81",,Mar e Rio Aguapeú
7,Peruíbe,SABESP,68918,"81,2",100,"62,0",3722,1848,"6,49",,Rio Preto
7,Praia Grande,SABESP,336454,"80,0",N.D,N.D.,18169,N.D.,"3,70",SIM,Mar
7,Santos,SABESP,433666,"96,6",N.D,N.D.,23418,N.D.,"3,40",SIM,Baia de SS.aJonrtgose e Canal
7,São Vicente,SABESP,370138,"79,4",N.D,N.D.,19987,N.D.,"3,84",SIM,"HUMAITA - Rio Mariana /
SAMARITA - Rio Branco /
INSULAR - Estuário de Santos"
8,Aramina,PMruefneiictiupraal,5318,100,100,"70,0",287,86,"8,05",,Cór.Paraíso
8,Batatais,ASmelbeietan teM eLitoda,56102,"99,0",100,"86,7",3030,429,"9,99",,Cór.das Araras
8,Buritizal,SABESP,3709,"99,7",100,"86,1",200,28,"10,00",,Cór.dos Buritis
8,Cristais Paulista,SAAE,6413,"97,0",100,"85,7",346,58,"9,96",,Cór.Mococa
8,Franca,SABESP,352245,100,100,"95,3",19021,894,"10,00",,"CPóro.uBsaog rAelst,o  Set aB .BJáarrbdiamra,"
8,Guaíra,"Departamento de
Esgoto e Água de
Guaíra (DEAGUA)",39799,100,100,"20,2",2149,1715,"4,51",,"Córregos José Glusseco,
Santa Quitéria e Ribeirão do
Jardim"
8,Guará,ÁGGUUAASR ÁDE,20710,100,100,"97,0",1118,34,"10,00",,Rib.Verde

Apêndices,,,,,,,,,,,7
,Município,Concessão,PoUprublaançaão,"Atendimento (%)
Coleta Tratamento",,Efic(i%ên)cia,"Carga Poluidora (kg
Potencial Remanesc.",,ICTEM,"Município
litocroâmneo
emissário*",Corpo Receptor
8,Igarapava,SABESP,29040,"96,9",100,"89,0",1568,216,"9,95",,Cór.Santa Rita
8,Ipuã,SAAE,16098,100,100,"81,2",869,163,"10,00",,Cór.Santana
8,Itirapuã,SABESP,5490,"98,8",100,"90,7",296,31,"9,98",,Cór.Capanema
8,Ituverava,SAEE,39785,100,100,"83,7",2148,350,"10,00",,Rio do Carmo
8,Jeriquara,SABESP,2592,100,100,"78,1",140,31,"8,58",,Cór.Jeriquara
8,Miguelópolis,SABESP,21176,"87,5",100,"88,0",1144,263,"8,32",,Cór.Matador e S.Miguel
8,Nuporanga,PM,6825,100,100,"90,0",369,37,"10,00",,Cór.das Corredeiras
8,Patrocínio Paulista,SAAE,12067,100,100,"83,6",652,107,"10,00",,R.Sapucaizinho
8,Pedregulho,SABESP,12451,100,100,"80,7",672,130,"10,00",,Cór.da Cascata
8,Restinga,SABESP,6103,"100,0",100,"71,1",330,95,"8,12",,Cór.Santo Antônio
8,Ribeirão Corrente,SABESP,3805,"87,1",100,"85,1",205,53,"8,13",,Rib.Corrente
8,Rifaina,SABESP,3196,"97,8",100,"88,0",173,24,"9,97",,Rio Grande
8,Santo Antônio da Alegria,SAE,5202,"98,3",100,"77,8",281,66,"7,94",,Rib.do Pinheirinho
8,São Joaquim da Barra,SAAE,51791,100,100,"87,0",2797,364,"10,00",,Cór.S.Joaquim
8,São José da Bela Vista,Pref Municipal,8006,"95,9",100,"80,0",432,101,"8,42",,Cór. Lajeadinho
9,Aguaí,SABESP,33361,"98,1","50,0","89,4",1801,1012,"5,57",,Rio Itupeva
9,Águas da Prata,SABESP,7376,"98,8",100,"92,0",398,36,"9,98",,Ribeirão do Quartel
9,Águas de Lindóia,SAAE,18738,"99,0","56,4","87,4",1012,518,"6,01",,Córrego do Barreiro
9,Américo Brasiliense,PM,41231,100,"0,0","0,0",2226,2226,"1,50",,Cór.Maria Mendes
9,Araras,SAEMA,129376,100,"100,0","19,9",6986,5596,"4,49",,Ribeirão das 3A.raras - Classe
9,Barrinha,DAE,33165,100,"0,0","0,0",1791,1791,"1,50",,Cór.Jatobá
9,Conchal,PM,26921,"97,0","97,0","80,0",1454,359,"8,31",,RibeirãoC Foenrcrha/alRibeirão
9,Descalvado,SEMARH,30426,"99,1","80,0","91,3",1643,454,"7,40",,Ribeirão Bonito
9,Dumont,DAE,9813,100,100,"60,0",530,212,"7,40",,Cór.Dumont
9,Engenheiro Coelho,SAEEC,15880,100,100,"80,0",858,172,"10,00",,Rib.Guaiaquica
9,Espírito Santo do Pinhal,SABESP,39645,"93,7","100,0","90,6",2141,323,"9,91",,Ribeirão dos Porcos
9,Estiva Gerbi,ÁguasG edreb iEstiva,9178,100,"0,0","0,0",496,496,"1,50",,Rib.Anhumas e Cór.Ipê
9,Guariba,SABESP,40007,"99,8",100,"82,0",2160,392,"10,00",,Cór.Guariba
9,Guatapará,SAEG,5699,100,"30,0","95,0",308,220,"4,00",,R.Mogi-Guaçu
9,Itapira,SAAE,70205,100,100,"80,0",3791,758,"10,00",,dRoi bBeairrrãeoir do/aC Póerrnehgao/ CSóarnrteagnoa
9,Jaboticabal,SAAEJ,75704,100,"99,0","49,1",4088,2101,"6,35",,Cór.Jaboticabal
9,Leme,SAECIL,103100,100,100,"89,0",5567,612,"10,00",,Ribeirão do Meio.
9,Lindóia,PM,8201,"70,0","0,0","0,0",443,443,"1,25",,Rio do Peixe

8,Qualidade das Águas Interiores no Estado de São Paulo,,,,,,,,,,
,Município,Concessão,PoUprublaançaão,"Atendimento (%)
Coleta Tratamento",,Efic(i%ên)cia,"Carga Poluidora (kg
Potencial Remanesc.",,ICTEM,"Município
litocroâmneo
emissário*",Corpo Receptor
9,Luís Antônio,DAE,15095,100,100,"74,0",815,212,"8,01",,R.da Onça
9,Mogi Guaçu,SAMAE,146340,"99,2","60,5","79,6",7902,4125,"5,71",,R.Mogi-Guaçu
9,Mogi Mirim,"SAAE/SESAMM
Sa(nSeeravmiçeonst od ede
Mogim Mirim)",88050,"96,0","88,2","96,0",4755,891,"9,76",,Rio Mogi-Mirim
9,Motuca,PM,3500,100,100,"80,0",189,38,"10,00",,Cór.Macacos/Cór. Conserva
9,Pirassununga,SAEP,70858,100,100,"73,5",3826,1014,"8,28",,Córrego Laranja Azeda
9,Pitangueiras,DAE,38874,100,"9,7","70,8",2099,1956,"2,08",,Cór.Pitangueiras
9,Pontal,DAE,50751,"98,9",100,"81,9",2741,521,"9,98",,Cór.Machado
9,Porto Ferreira,PBoRrtK oA Fmerbrieeirnat aSl A-,55828,"96,4","79,0","88,3",3015,987,"7,51",,Rio Mogi-Guaçú.
9,Pradópolis,DAE,20605,100,100,"70,0",1113,334,"8,05",,R.Mogi-Guaçu
9,Rincão,PM,8793,100,"0,0","0,0",475,475,"1,50",,Cór.Paciente
9,Santa Cruz da Conceição,PM,3102,"97,0",100,"80,0",168,38,"8,50",,Ribeirão do Roque.
9,Santa Cruz das Palmeiras,PMruefneiictiupraal,34009,100,"0,0","0,0",1836,1836,"1,50",,Cór.Pessegueiro
9,Santa Lúcia,PM,8357,100,100,"73,9",451,118,"8,00",,Cór.Monjolinho e Ponte Alta
9,"Santa Rita do Passa
Quatro","COMASA -
Companhia
Águas de Santa
Rita",24742,"96,3",100,"83,4",1336,264,"9,94",,"Córrego do Marinho e
Córrego Capituva."
9,Santo Antônio do Jardim,SABESP,3522,"92,4",100,"82,1",190,46,"8,32",,Rib.Santa Bárbara
9,São João da Boa Vista,SABESP,88632,"100,0",100,"91,7",4786,397,"10,00",,R.Jaguari Mirim
9,Serra Negra,SABESP,25740,"78,3",100,"85,0",1390,465,"7,50",,Rib.Serra Negra
9,Sertãozinho,DAE,126913,100,"90,0","77,0",6853,2104,"7,55",,"ETE Sertãozinho - Cór.Sul:
- DCisótrrrietog od Te aCbroucza sd aes  CPoorsrseegso
Santo Antonio das Pimentas"
9,Socorro,SABESP,28346,"77,5","99,0","92,0",1531,450,"7,74",,Rio do Peixe
9,Taquaral,PM,2698,100,100,"64,0",146,52,"7,36",,Córrego Boa Vista
10,Alambari,SABESP,4685,"56,2",100,"77,5",253,143,"5,17",,Rio Alambari
10,Alumínio,SABESP,15854,"70,9","70,9","79,2",856,515,"4,91",,Córrego ddoo  VBaurjgãreo/Córrego
10,Anhembi,SABESP,5221,"86,9",100,"69,7",282,111,"7,24",,Cór.do Matadouro
10,Araçariguama,SABESP,23343,"42,1","42,1","87,3",1261,1065,"2,47",,Ribeirão Araçariguama
10,Araçoiaba da Serra,AÁRGAUÇAOSI ADBEA,24325,"40,0",100,"88,9",1314,846,"4,41",,Ribeirão Vacariu
10,Bofete,SABESP,7719,"89,0",100,"88,0",417,90,"8,43",,Rio do PeiRxoe/qCuóerrego São
10,Boituva,SABESP,59554,"88,3",100,"86,8",3216,751,"8,00",,"Cór.BPraaun cDa' Ael hRoi b,. JCeórri.vÁágua"

Apêndices,,,,,,,,,,,9
,Município,Concessão,PoUprublaançaão,"Atendimento (%)
Coleta Tratamento",,Efic(i%ên)cia,"Carga Poluidora (kg
Potencial Remanesc.",,ICTEM,"Município
litocroâmneo
emissário*",Corpo Receptor
10,Botucatu,SABESP,144250,"100,0",99,"87,4",7790,1063,"9,98",,"Cór.Lavapés,C oCómr.u rCintra e Cór."
10,Cabreúva,SABESP,43335,"66,2",100,"90,8",2340,933,"6,60",,"RiRbi.bP irCaaí b(rAeflú.vdao,  RR.iJou Tnideitaêi),"
10,Capela do Alto,SABESP,17607,"75,6",100,"50,0",951,591,"5,59",,Córrego Olaria
10,Cerquilho,SAAEC,48011,"98,0",100,"93,4",2593,220,"9,97",,"Rib.da SeRr.rSao, rCocóra.bTaaquaral e"
10,Cesário Lange,SABESP,12555,100,100,"97,4",678,18,"10,00",,Rib. Aleluia e Rib.Onça
10,Conchas,SABESP,14696,"82,1",100,"98,0",794,155,"9,73",,Rib.Conchas
10,Ibiúna,SABESP,28030,"49,6","45,8","86,0",1514,1218,"3,20",,"RMiou rSuonrdouc,a Rmiibrieimr,ã oR iPbaeriruãruo"
10,Iperó,SABESP,23924,"90,2",100,"91,6",1292,224,"9,85",,Rio SorIopcaanbea me aCórrego
10,Itu,"ITUANA DE
SANEAMENTO",165798,100,"80,0","87,2",8953,2707,"7,73",,"Rib.Guaraú, Varjão e Tapera
Grande"
10,Jumirim,Prefeitura,2011,"90,0",100,"67,9",109,42,"7,02",,Ribeirão Água Podre
10,Laranjal Paulista,SABESP,26011,"96,4",100,"67,3",1405,493,"7,67",,Rio Sorocaba / Rio Tietê
10,Mairinque,MASIARNINEAQQUUE AS.A,38302,"77,0","0,0","0,0",2068,2068,"1,36",,Cór.do Varjão
10,Pereiras,SABESP,5927,100,100,"83,0",320,54,"10,00",,Rib Conchas
10,Piedade,SABESP,25395,"73,8","100,0","68,0",1371,683,"6,37",,Rio Pirapora
10,Porangaba,SABESP,4927,"79,7",100,"81,0",266,94,"7,10",,Rio Feio
10,Porto Feliz,SAAE,45135,"99,9",100,"88,4",2437,284,"10,00",,Rio Tietê
10,Quadra,SABESP,998,"69,2",100,"89,4",54,21,"7,06",,Rib.Palmeira
10,Salto de Pirapora,SABESP,36287,"98,9",100,"83,0",1959,351,"9,78",,Rio Pirapora
10,São Roque,SABESP,84417,"48,5","99,0","90,5",4559,2578,"5,24",,"RiMosa rCmaerlaeimrob eeí,  AGruaacçaíu,"
10,Sarapuí,SABESP,7725,"58,0","100,0","83,4",417,215,"5,51",,Ribeirão Fazendinha
10,Sorocaba,SAAE,688252,"99,0","97,5","88,9",37166,5274,"9,95",,"R.SIotraoncgaubáa,,  RRiioo  IPpiaranjeibmua, .Rio"
10,Tatuí,SABESP,118270,"97,2",100,"82,7",6387,1253,"9,96",,Rio Tatuí
10,Tietê,SAMAE,39045,"86,5","29,0","82,5",2108,1672,"3,59",,Rio Tietê
10,Torre de Pedra,SABESP,1585,"89,2","89,2","74,0",86,35,"7,01",,Rib.Torre de Pedra
10,Vargem Grande Paulista,SABESP,54315,"35,4","32,0","80,0",2933,2667,"1,80",,Rib.Vargem Grande
10,Votorantim,VÁotgouraasn tdiem,119721,"99,0",100,"89,5",6465,737,"9,99",,"CRóiro.  IStoarpoecvaab, aR, iCo óIrp. aCnuebmaitnãho,a"
11,Apiaí,SABESP,17415,"61,9",100,"88,0",940,428,"6,47",,Cór.Palmital
11,Barra do Chapéu,SABESP,1706,"87,6",100,"83,0",92,25,"8,04",,Rio Catas Altas
11,Barra do Turvo,SABESP,3123,"73,9",100,"81,0",169,68,"7,00",,Rio Pardo - Classe 2

10,Qualidade das Águas Interiores no Estado de São Paulo,,,,,,,,,,
,Município,Concessão,PoUprublaançaão,"Atendimento (%)
Coleta Tratamento",,Efic(i%ên)cia,"Carga Poluidora (kg
Potencial Remanesc.",,ICTEM,"Município
litocroâmneo
emissário*",Corpo Receptor
11,Cajati,SABESP,20770,"86,7",100,"85,0",1122,295,"8,09",,R.JRaibceuipriãroa ndgou iBnrhaaz  298%%;
11,Cananéia,SABESP,10706,"83,3",100,"85,7",578,165,"7,89",,"Mar Pequeno - Classe 1 -
salina (96%); Rio Itapitangui
(3%)"
11,Eldorado,SABESP,7673,"97,9",100,"82,3",414,80,"9,97",,"R.Rib.de Iguape (85%); Rio
Batatal (4%); Rio Jaguari
(9%);"
11,Iguape,SABESP,26635,"60,3",100,"83,3",1438,716,"6,16",,R.Rib.de Iguape
11,Ilha Comprida,SABESP,11552,"44,5",100,"80,6",624,400,"5,00",,Rio Candapuí
11,Iporanga,SABESP,2335,"67,9",100,"82,4",126,56,"6,66",,Rio Iporanga
11,Itaóca,SABESP,1817,"61,5",100,"86,0",98,46,"6,36",,Rio Palmital
11,Itapirapuã Paulista,SABESP,2094,"82,1",100,"85,0",113,34,"7,77",,Ribeirão das Criminosas
11,Itariri,SABESP,11337,"38,3",100,"85,6",612,411,"4,70",,Rio do AAzeeritaed (o8 (61%3)%; )Ribeirão
11,Jacupiranga,SABESP,9752,100,"92,0","93,6",527,73,"9,88",,R.JacPuipnirdaanúgbaa  ((920%%).); Rio
11,Juquiá,SABESP,11749,"83,0","95,0","84,0",634,214,"7,49",,"Rio Juquiá (87 %); Rio
Açungu (1%); Ribeirão do
Cedro (12%)."
11,Juquitiba,SABESP,24645,"16,6",100,"56,1",1331,1207,"2,86",,R.São Lourenço
11,Miracatu,SABESP,10030,"86,6",100,"83,3",542,151,"7,99",,"Rio São Lourenço (87 %);
Rio Itariri (1,7%), Cór Biguá
(2,3%); Cór.Barnabes"
11,Pariquera-Açu,SABESP,13588,"93,9",100,"85,9",734,142,"9,91",,R.Pariquerá-Açú
11,Pedro de Toledo,SABESP,7931,"58,3",100,"82,4",428,223,"5,99",,Rio Itariri
11,Registro,SABESP,50124,"99,6",100,"80,3",2707,542,"9,99",,R.Rib.de Iguape; Cór Serrote
11,Ribeira,SABESP,1222,"62,7",100,"86,0",66,30,"6,44",,Rio Ribeira de Iguape
11,São Lourenço da Serra,SABESP,14680,"31,6",100,"77,5",793,599,"4,06",,R.S.Lourenço
11,Sete Barras,SABESP,7039,"75,8",100,"80,1",380,149,"7,09",,"R.Rib.de Iguape (97%),
Cór. Jurumirim (1%), Rio
Quilombo (1%)."
11,Tapiraí,SABESP,5523,"79,5",100,"81,4",298,105,"7,40",,Cór.Maciel
12,Altair,SABESP,3336,"89,3",100,"88,6",180,38,"8,48",,Rib.Santana
12,Barretos,SAAE,119782,"100,0",100,"83,2",6468,1087,"10,00",,"Córregos das Pedras, Barro
Preto, Pitangueiras e Rib.das
Figueiras"
12,Bebedouro,SAAEB,73959,"99,1","43,8","81,1",3994,2588,"4,64",,CórregoMs aBnedbeemdobuoro e do
12,Colina,SAAEC,17372,100,100,"71,7",938,265,"8,16",CórregRoisb .ddoa sR Petailrimnehiroa es afl.do,
12,Colômbia,SABESP,4498,100,100,"93,8",243,15,"10,00",,Cór. GMraarnidmeb eo nRdeos.UHE

Apêndices,,,,,,,,,,,11
,Município,Concessão,PoUprublaançaão,"Atendimento (%)
Coleta Tratamento",,Efic(i%ên)cia,"Carga Poluidora (kg
Potencial Remanesc.",,ICTEM,"Município
litocroâmneo
emissário*",Corpo Receptor
12,Guaraci,"Departamento de
Água e Esgoto de
Guaraci (DAEG)",10185,100,100,"44,0",550,308,"6,36",,Cór.Crisciúma
12,Icém,SABESP,7177,"99,5",100,"82,2",388,71,"9,99",,Cór. Água Doce
12,Jaborandi,SABESP,6513,"90,4",100,"89,0",352,69,"9,86",,Cór.Jaborandi
12,Morro Agudo,Prefeitura,32203,100,"97,9","88,0",1739,241,"9,97",,Rib.do Agudo
12,Orlândia,SAAE,43531,100,"0,0","0,0",2351,2351,"1,70",,Rib.do Agudo
12,Terra Roxa,SABESP,9057,"93,1",100,"83,0",489,111,"8,42",,Rib.Banharão
12,Viradouro,SAV,18573,100,100,"65,8",1003,343,"7,48",,Córre.gBoesb eVdiroaudroouro e
13,Agudos,SABESP,35915,"100,0",100,"95,4",1939,89,"10,00",,Córrego dos Agudos
13,Araraquara,DAAE,233704,"99,7",100,"66,8",12620,4215,"7,83",,Rib.das Cruzes
13,Arealva,SABESP,6825,"77,0",100,"77,8",369,148,"7,05",,Rio Tietê
13,Areiópolis,SABESP,9940,"99,2",100,"77,0",537,127,"8,45",,Cór.Areia Branca
13,Bariri,SAEMBA,34008,"98,8",100,"87,5",1836,249,"9,98",,Córrego Mineiro
13,Barra Bonita,SAAE,35368,"99,0",20,"71,0",1910,1641,"3,20",,Rio Tietê
13,Bauru,DAE,375321,"98,3","5,0","85,8",20267,19413,"2,02",,Rio Bauru
13,Boa Esperança do Sul,PM,13493,100,100,"71,0",729,211,"8,12",,R.Boa Esperança
13,Bocaina,SABESP,11584,100,100,"91,2",626,55,"9,70",,Córrego Bocaina
13,Boracéia,SABESP,4405,100,100,"82,1",238,43,"10,00",,Córrego Matão
13,Borebi,SAAE,2366,100,100,"85,6",128,18,"9,80",,Córrego das Antas
13,Brotas,SAAEB,21428,100,100,"75,4",1157,285,"8,10",,R.Jacaré-Pepira
13,Dois Córregos,SAAEDOCO,26233,"98,5",100,"82,3",1417,268,"9,48",,Rio Jaú
13,Dourado,SABESP,8119,100,100,"94,0",438,26,"10,00",,Rib.Dourado
13,Gavião Peixoto,PM,3916,100,"97,0","86,9",211,33,"9,46",,R.Jacaré Guaçu
13,Iacanga,PM,10459,"93,0",100,"75,0",565,171,"7,73",,Ribeirão Claro
13,Ibaté,PM,34401,100,100,"70,2",1858,554,"7,76",,"Cór.S.J.MCoornrteen tAelse,g Br.eVista e"
13,Ibitinga,SAAE,58733,"95,0",100,"88,0",3172,520,"9,93",,Cór.S.Joaquim
13,Igaraçu do Tietê,SAAE,24679,100,"80,0","53,3",1333,764,"5,97",,Rio Tietê
13,Itaju,PM,2864,100,100,"10,0",155,139,"3,65",,Córrego Boa Vista de Baixo
13,Itapuí,PM,13659,"95,0","100,0","68,6",738,257,"7,17",,Córrego Bica de Pedra
13,Itirapina,PM,16784,"87,5",100,"86,3",906,222,"7,92",,Cór.Água Branca
13,Jaú,"Águas de Jaú/
Águas de
Mandaguahy",148665,100,100,"93,9",8028,490,"10,00",,Rio Jaú
13,Lençóis Paulista,SAAE,67974,"100,0",100,"64,5",3671,1303,"7,49",,Rio Lençóis
13,Macatuba,SISAM,16750,100,100,"75,0",905,226,"7,88",,Córrego do Tanquinho

12,Qualidade das Águas Interiores no Estado de São Paulo,,,,,,,,,,
,Município,Concessão,PoUprublaançaão,"Atendimento (%)
Coleta Tratamento",,Efic(i%ên)cia,"Carga Poluidora (kg
Potencial Remanesc.",,ICTEM,"Município
litocroâmneo
emissário*",Corpo Receptor
13,Mineiros do Tietê,ÁMGINUEAISR ODSE,12441,97,100,"67,6",672,231,"7,53",,R.São João
13,Nova Europa,PM,10683,100,100,"86,3",577,79,"10,00",,Rio Itaquerê
13,Pederneiras,SABESP,44196,"98,8",100,"74,3",2387,635,"7,95",,Ribeirão Pederneiras
13,Ribeirão Bonito,PM,12367,"96,0","0,0","0,0",668,668,"1,44",,Ribeirão Bonito
13,São Carlos,SAAE,246626,100,"90,7","79,8",13318,3679,"8,06",,"Rio Monjolinho, Rio do
Quilombo, Ribeirão das
Araras"
13,São Manuel,SABESP,40287,"100,0",100,"73,9",2175,568,"8,00",,Rib.Paraíso
13,Tabatinga,PM,14377,"99,1",100,"82,3",776,143,"9,99",,Rib.São João
13,Torrinha,SABESP,8594,"98,5",100,"76,4",464,115,"8,37",,"Cór.do TaClaóc, hRoibe.irPiinnhhaeirinho e"
13,Trabiju,PM,1609,100,100,"96,3",87,3,"10,00",,R.Boa Esperança
14,Angatuba,SABESP,18477,"86,6",100,"77,6",998,327,"7,17",,RReitbi.rGo rea nCdóer/rReigboe irBãooa  BViostma
14,Arandu,SABESP,4802,"83,3",100,"81,0",259,84,"7,44",,Ribeirão Bonito
14,Barão de Antonina,SABESP,2164,"99,1",100,"81,7",117,22,"9,79",,Água dos Pedrocas
14,Bernardino de Campos,SABESP,10010,100,100,"85,2",541,80,"9,70",,"Córrego Douradinho - ETE
Sul Córrego Douradão -
ETE Norte"
14,Bom Sucesso de Itararé,SABESP,2731,"80,6",100,"38,0",147,102,"5,20",,Cór.Bom Sucesso
14,Buri,SABESP,16193,"97,2",100,"72,3",874,260,"7,53",,Rio Apiaí-AGruaacçauç ue Ribeirão
14,Campina do Monte Alegre,SABESP,5151,"83,9",100,"92,6",278,62,"8,11",,Rio Paranapanema
14,Capão Bonito,SABESP,38578,"94,9",100,"84,6",2083,411,"9,42",,Rib. do Poço
14,Coronel Macedo,SABESP,3548,"97,9",100,"89,1",192,24,"9,77",,Rib.do Lajeado
14,Fartura,SABESP,12863,100,100,"65,4",695,240,"7,75",,Rio Fartura
14,Guapiara,SABESP,6790,"78,9","91,0","99,0",367,106,"7,37",,Rio São José Guapiara
14,Guareí,SABESP,11116,"85,8",100,"90,1",600,136,"8,31",,Rio Guareí
14,Ipaussu,SAAE,13972,"99,0","99,0","80,0",754,163,"8,58",,
14,Itaberá,SABESP,11831,"88,1",100,"95,0",639,104,"9,32",,Córrego LaPvirriitnuhbaas e Córrego
14,Itaí,SABESP,21698,"83,5",100,"67,3",1172,513,"6,70",,Rib.dos Carrapatos
14,Itapetininga,SABESP,151681,"95,9",100,"84,2",8191,1577,"9,64",,"Rib.Ponte Alta/Ribeirão
JRuirbueimriãrio mC/oRinoc eCiçaãpoiv/Rairio/
Itapetininga."
14,Itapeva,SABESP,80267,"87,8","100,0","91,0",4334,871,"8,21",,Cór.AranD'hÁa geu aRib.Pilão
14,Itaporanga,SABESP,11524,"89,5",100,"90,0",622,121,"9,64",,Rio Verde
14,Itararé,SABESP,46897,"91,2",100,"87,0",2532,523,"8,23",,Córrego da Pedra
14,Manduri,SAEMAN,8626,"90,0",100,"86,0",466,105,"8,18",,Cór.Lageadinho

Apêndices,,,,,,,,,,,13
,Município,Concessão,PoUprublaançaão,"Atendimento (%)
Coleta Tratamento",,Efic(i%ên)cia,"Carga Poluidora (kg
Potencial Remanesc.",,ICTEM,"Município
litocroâmneo
emissário*",Corpo Receptor
14,Nova Campina,SABESP,6741,"64,1",100,"44,0",364,261,"4,79",,Rio Taquari
14,Paranapanema,SABESP,16737,"70,3",100,"82,5",904,380,"6,32",,TibRireiçs.aJ/uRriubmeiirrãiom /dRaibs ePiroãssoes.
14,Pilar do Sul,SABESP,23267,"73,2",100,"88,0",1256,447,"7,29",,Rio Turvo
14,Piraju,SABESP,26912,100,100,"88,0",1453,174,"9,80",,Rio Paranapanema
14,Ribeirão Branco,SABESP,8131,"81,0","90,0","90,0",439,151,"7,03",,CórregoT aRiqbueairriãgoa uBçruanco/Rio
14,Ribeirão Grande,SABESP,2427,100,100,"99,0",131,1,"9,70",,Ribeirão Grande
14,Riversul,SABESP,3910,"97,5",100,"83,0",211,40,"9,76",,Ribeirão Vermelho do Sul
14,São Miguel Arcanjo,SABESP,22610,"70,1",100,"68,1",1221,638,"6,15",,"Cór.S.Miguel Arcanjo;
Ribeirão das Cachaças e Rio
Turvo."
14,Sarutaiá,SABESP,2958,"96,0",100,"97,0",160,11,"9,94",,Cór.do Barranco
14,Taguaí,SABESP,10327,100,100,"85,5",558,81,"9,50",,Rio Fartura
14,Taquarituba,SABESP,20458,100,100,"83,2",1105,186,"9,80",,Ribeirão LajCeaavdaolo; .Córrego do
14,Taquarivaí,SABESP,3257,"75,8",100,"88,0",176,59,"7,18",,Cór.Sem Nome
14,Tejupá,SABESP/PM,2888,"92,0","0,0","0,0",156,156,"1,38",,Cór.da Pedra Branca
14,Timburi,SABESP,1925,"94,5",100,"69,0",104,36,"7,66",,Rib.Retiro
15,Álvares Florence,"DATEMA
SAANMEBAIEMNETNATLO
BÁSICO",2457,100,100,"65,2",133,46,"7,74",,Ribeirão Barreiro
15,Américo de Campos,DAEAC,5029,"99,0","98,0","93,0",272,27,"9,96",,Córrego Água Parada
15,Ariranha,SAE,9329,100,100,"81,4",504,94,"10,00",,Cór.Ariranha
15,Aspásia,SABESP,1261,100,100,"81,0",68,13,"10,00",,Cór.Cascavel
15,Bálsamo,SAEB,8435,"99,9",100,"91,1",455,41,"10,00",,Córrego do Bálsamo
15,Cajobi,SEMAE,9957,100,100,"82,3",538,95,"9,50",,Córregos Mdaa tLiiamseira e do
15,Cândido Rodrigues,SABESP,2264,100,100,"65,0",122,43,"7,43",,Cór. Água Suja
15,Cardoso,SABESP,11244,100,100,"97,6",607,15,"10,00",,Córrego dToo mMaazriinnhheoi r/ oRibeirão
15,Catanduva,SAEC,122125,"99,1",100,"86,3",6595,955,"9,99",,Rio São Domingos
15,Catiguá,SABESP,7286,100,100,"89,6",393,41,"10,00",,Rio S.Domingos
15,Cedral,SAE,7478,100,100,"85,2",404,60,"9,70",,Córrego Baixadão
15,Cosmorama,Municipal,4996,"99,5",100,"68,9",270,85,"7,65",,Córrego CaBvaolniinthoo / Ribeirão
15,Dolcinópolis,SABESP,1960,100,100,"83,8",106,17,"10,00",,Cór. Pinico
15,Embaúba,SEMAE,2080,100,100,"64,0",112,40,"7,36",,Córrego dos Coelhos.
15,Estrela d'Oeste,SABESP,7007,100,100,"83,4",378,63,"10,00",,Cór.Taboinha
15,Fernando Prestes,SABESP,4928,100,100,"73,0",266,72,"7,95",,Cór.Dr.Mendes

14,Qualidade das Águas Interiores no Estado de São Paulo,,,,,,,,,,
,Município,Concessão,PoUprublaançaão,"Atendimento (%)
Coleta Tratamento",,Efic(i%ên)cia,"Carga Poluidora (kg
Potencial Remanesc.",,ICTEM,"Município
litocroâmneo
emissário*",Corpo Receptor
15,Fernandópolis,SABESP,67545,100,100,"86,5",3647,492,"10,00",,Cór.Santa Rita e Cór.Aldeia
15,Guapiaçu,SAE,19536,"80,0",100,"73,8",1055,432,"7,04",,Rib.Claro
15,Guarani d'Oeste,SABESP,1758,100,100,"57,3",95,41,"7,22",,Cór.do Leme
15,Indiaporã,SABESP,3356,"93,4",100,"87,9",181,32,"9,90",,Cór.da Água Vermelha
15,Ipiguá,DAE,3358,100,"0,0","0,0",181,181,"1,80",,Rio Preto cRoanfnlgueêlncia c/ Cór.
15,Macedônia,SABESP,2794,"98,7",100,"81,0",151,30,"8,68",,Cór.da Captuva
15,Meridiano,SABESP,2645,100,100,"86,0",143,20,"10,00",,Córrego Sucuri
15,Mesópolis,SABESP,1481,"99,1",100,"90,3",80,8,"9,99",,Cór.do Meio
15,Mira Estrela,SABESP,2084,"98,6",100,"87,0",113,16,"9,98",,Cór. Aroeira
15,Mirassol,SANESSOL,59233,100,100,"89,9",3199,323,"10,00",,Cór.FartFuuran d- ãPoiedade -
15,Mirassolândia,DAE,4038,"80,0",100,"82,1",218,75,"7,47",,Cór.da Faxina
15,Monte Alto,SABESP,48742,100,100,"93,6",2632,168,"10,00",,"Córrego Rico, Rio Turvo"
15,Monte Azul Paulista,SAEMAP,17710,"99,8","30,0","91,0",956,696,"4,22","CachoCeóirrirnehgao se  Sdtoa  RMoastaa,douro",
15,Nova Granada,SABESP,20269,"97,7",100,"80,1",1095,238,"8,26",,Cór.Mata Negra
15,Novais,SAE,5515,100,"96,0","53,1",298,146,"6,55",,Córrego do Matão
15,Olímpia,DAEMO,52394,100,100,"80,8",2829,543,"10,00",,"Córregos dos Pretos, Olhos
D ́Água,. Baguaçu e Bela
Vista."
15,Onda Verde,SABESP,3496,100,100,"80,2",189,37,"9,70",,Córrego da Gotinha
15,Orindiúva,SABESP,6735,"92,1",100,"83,0",364,86,"8,35",,Cór.Barreirão
15,Ouroeste,SABESP,9617,100,100,"86,6",519,70,"10,00",,Cór.das Galinhas
15,Palestina,"EMPRESA DE
SANEAMENTO
PALESTINA-ESAP",11045,"98,5",100,"59,1",596,249,"7,26",,Cór.Piau
15,Palmares Paulista,SABESP,13297,"80,7",100,"81,6",718,245,"7,29",,Rib. Da Onça
15,Paraíso,SAE,5749,100,100,"56,4",310,135,"7,17",,Cór. Papagaio
15,Paranapuã,SABESP,3658,100,100,"84,0",198,32,"10,00",,Cór. Chaveco
15,Parisi,DAEP,1760,"80,0",100,"96,0",95,22,"8,19",,Córrego Feio
15,Paulo de Faria,SABESP,8096,100,100,"93,0",437,31,"10,00",,Ribeirão das Pontes
15,Pedranópolis,SABESP,1535,100,100,"80,0",83,17,"10,00",,Cór. Forte
15,Pindorama,SAE,16449,100,100,"88,0",888,107,"10,00",,"R.SP.rDeotom ien cgóorsr,e Cgóo rrCeugboa tBãaorro"
15,Pirangi,"Nenhuma (sob
responsabilidade
da Prefeitura)",10336,100,100,"67,7",558,180,"7,70",,Rib.Tabarana
15,Pontes Gestal,SABESP,2172,100,100,"83,0",117,20,"10,00",,Rio Preto

Apêndices,,,,,,,,,,,15
,Município,Concessão,PoUprublaançaão,"Atendimento (%)
Coleta Tratamento",,Efic(i%ên)cia,"Carga Poluidora (kg
Potencial Remanesc.",,ICTEM,"Município
litocroâmneo
emissário*",Corpo Receptor
15,Populina,SABESP,3342,100,100,"88,0",180,22,"10,00",,Cór.Barra Bonita
15,Riolândia,SABESP,10171,100,100,"83,1",549,93,"10,00",,RioU GHrEa dned eÁ_gRueas eVrevramtóerlihoa da
15,Santa Adélia,SAE,14796,"99,0",100,"70,2",799,244,"8,01",,R.S.Domingos
15,Santa Albertina,SABESP,5158,100,100,"84,0",279,45,"10,00",,Cór.D'Oeste
15,Santa Clara d'Oeste,SABESP,1591,100,100,"87,0",86,11,"10,00",,Cór.do Contra
15,Santa Rita d'Oeste,PM,1726,"71,0",100,"50,5",93,60,"5,39",,Cór.da Mina
15,São José do Rio Preto,SEMAE,440709,100,100,"94,0",23798,1428,"10,00",,Rio Preto (classe 4)
15,Severínia,SAAE,16984,"100,0",78,"65,1",917,451,"6,47",,Córregos BPaaiux ãDo'Alho e do
15,Tabapuã,SAE,11628,100,100,"77,0",628,144,"8,21",,Cór.Limeira
15,Taiaçu,PM,5748,100,100,"70,0",310,93,"7,75",,Córrego S.J.Taiaçu
15,Taiúva,PM,5072,100,100,"77,5",274,62,"8,24",,"Córregos Sdtoa  MMealroi,a Sta Rita e"
15,Tanabi,SAAT,23701,"98,2","94,0","88,0",1280,240,"9,88",,Rio Jataí
15,Turmalina,SABESP,1186,100,100,"90,5",64,6,"10,00",,Cór.do Candinho
15,Uchoa,SAE,9470,100,100,"96,6",511,17,"10,00",,Cór.Grande
15,Urânia,SABESP,7679,100,100,"78,0",415,91,"8,57",,Rib.Ponte Pensa
15,Valentim Gentil,SABESP,12534,100,100,"96,0",677,27,"10,00",,Córrego Varação
15,Vista Alegre do Alto,PM,8452,100,100,"45,8",456,247,"6,18",,Cór. Barro Preto
15,Vitória Brasil,SABESP,1530,100,100,"87,0",83,11,"10,00",,Cór. Do Cedro
15,Votuporanga,SAEV Ambiental,93413,"99,0","99,7","75,7",5044,1275,"8,35",,CóCrórre.gMoa rLianghoeiirnihnah o( S(iSmeodnes) een)
16,Adolfo,SABESP,3189,100,100,"82,5",172,30,"10,00",,Cor. Sobrado
16,Avaí,SABESP,3671,"91,4",100,"79,9",198,53,"8,12",,Córrego Jacutinga
16,Bady Bassitt,DAE,16849,100,100,"88,1",910,108,"10,00",,Rib.Borboleta / Rib. Fartura
16,Balbinos,SABESP,1971,100,100,"78,4",106,23,"8,60",,Córrego Umirim
16,Borborema,PM,14671,"99,0",100,"83,4",792,138,"9,99",,Cór.do Fugido
16,Cafelândia,SAAE,15564,100,"4,0","0,0",840,840,"1,56",,Cór.doC óSrarletignoh od;o  EMm eiBoacuriti
16,Dobrada,PM,8885,100,100,"83,2",480,81,"9,80",,Cor.Dobrada
16,Elisiário,PM,3428,100,100,"64,5",185,66,"7,39",,Cór.do Sapo
16,Guaiçara,PM,11280,100,100,"82,0",609,110,"10,00",,Cór.Fim
16,Guarantã,PM,5702,100,100,"81,0",308,59,"10,00",,Cor. Guarany
16,Ibirá,SABESP,11652,"98,9",100,"81,5",629,122,"9,98",,Cór.Mococa
16,Irapuã,SABESP,7226,100,"90,3","89,0",390,77,"9,85",,Cór.Cervinho
16,Itajobi,DAEI,12788,"83,4","96,1","85,7",691,216,"7,35",,Rib. Três Pontes
16,Itápolis,SAAE,39486,100,"70,0","80,0",2132,938,"6,49",,Rio São Lourenço

16,Qualidade das Águas Interiores no Estado de São Paulo,,,,,,,,,,
,Município,Concessão,PoUprublaançaão,"Atendimento (%)
Coleta Tratamento",,Efic(i%ên)cia,"Carga Poluidora (kg
Potencial Remanesc.",,ICTEM,"Município
litocroâmneo
emissário*",Corpo Receptor
16,Jaci,DAE,6305,"99,0",100,"79,6",340,72,"8,61",,Cór. Do Mangue
16,Lins,SABESP,78055,100,100,"80,6",4215,818,"10,00",,Cór. Campestre
16,Marapoama,PM,2587,"87,3",100,"24,0",140,110,"4,67",,Cór.Lagoa Seca
16,Matão,Águas de Matão,82526,100,100,"94,2",4456,258,"10,00",,Rio São Lourenço
16,Mendonça,PM,4609,100,100,"67,3",249,81,"7,57",,Rib.dos Bagres
16,Nova Aliança,Municipal,5933,100,100,"59,1",320,131,"7,04",,Cór.Borboleta
16,Novo Horizonte,SABESP,38860,100,100,"87,1",2098,271,"9,80",,Rib.Três Pontes
16,Pirajuí,SAAE,21137,"98,0","0,0","0,0",1141,1141,"1,47",,Córrego Dourado Leste
16,Piratininga,SABESP,11911,"100,0",100,"88,5",643,74,"9,70",,Rio Batalha
16,Pongaí,SABESP,2844,100,100,"85,6",154,22,"10,00",,Cór.da Aldeia
16,Potirendaba,SAEP,15878,"90,0","95,0","85,2",857,233,"8,01",,Cór.Águas Espalhadas
16,Presidente Alves,SABESP,3384,100,100,"92,3",183,14,"9,80",,Ribeirão Presidente Alves
16,Reginópolis,SAAE,5985,100,"80,0","94,0",323,80,"7,79",,Córrego da Corredeira
16,Sabino,SAAE,4944,"98,6",100,"71,1",267,80,"8,04",,Cór. Esgotão
16,Sales,PM,5834,"67,0",100,"83,0",315,140,"6,62",,Cór.CapoeiCrienrhvian eh oCórrego do
16,Santa Ernestina,SABESP,5153,100,100,"96,0",278,11,"10,00",,Rib.dos Porcos
16,Taquaritinga,SAAET,54541,100,100,"91,9",2945,239,"9,70",,Rib.dos Porcos
16,Uru,SABESP,987,"83,3",100,"85,0",53,16,"7,85",,Cór.do Uru
16,Urupês,PM,12427,100,100,"80,1",671,134,"10,00",,Cór.Barreirão
17,Águas de Santa Bárbara,SABESP,4670,"73,2",100,"95,0",252,77,"7,42",,Rio Pardo
17,Alvinlândia,SABESP,2918,"99,0",100,"77,3",158,37,"8,46",,Cór.Jauzinho
17,Assis,SABESP,101151,100,100,"83,6",5462,896,"10,00",,Córrego ddao  FJoarctuu nea Ribeirão
17,Avaré,SABESP,87871,"99,8",100,"81,8",4745,871,"9,80",,Cór.do LajeaGdrao/nCdóerrego Barra
17,Cabrália Paulista,"ÁGUAS DE
PACUALBISRTÁAL ISAPE
LTDA",3653,"99,0",100,"85,3",197,31,"9,99",,Ribeirão Alambari
17,Campos Novos Paulista,PM,3908,100,100,"80,0",211,42,"10,00",,Rio Novo
17,Cândido Mota,SAAE,29531,"99,6","93,0","55,8",1595,770,"6,45",,Cór.do Jacu
17,Canitar,PM,5081,92,100,"88,0",274,53,"9,87",,Afl.Cor.Sant`ana
17,Cerqueira César,PM,18279,"90,0",100,"64,0",987,419,"6,59",,R.Três Ranchos
17,Chavantes,PM,11419,"99,0",100,"84,0",617,104,"9,99",,R.Paranapanema
17,Cruzália,SABESP,1342,100,100,"81,9",72,13,"10,00",,Rib.Água da Pintada
17,Duartina,SABESP,11150,100,100,"83,5",602,99,"10,00",,Córrego Alambari
17,Echaporã,SABESP,4799,100,100,"91,0",259,23,"10,00",,Rib. Cascavel

Apêndices,,,,,,,,,,,17
,Município,Concessão,PoUprublaançaão,"Atendimento (%)
Coleta Tratamento",,Efic(i%ên)cia,"Carga Poluidora (kg
Potencial Remanesc.",,ICTEM,"Município
litocroâmneo
emissário*",Corpo Receptor
17,Espírito Santo do Turvo,SABESP,4213,"94,1",100,"83,0",228,50,"8,49",,Rio Turvo
17,Fernão,SABESP,946,100,100,"75,9",51,12,"8,43",,Rib.das Antas
17,Florínea,SABESP,2336,"93,2",100,"90,0",126,20,"9,90",,Rib.Água do Pântano
17,Gália,SABESP,4784,100,100,"76,0",258,62,"8,44",,Rib.das Antas
17,Iaras,SABESP,4354,100,100,"88,0",235,28,"9,80",,Água da Limeira
17,Ibirarema,PM,7321,100,100,"89,0",395,43,"10,00",,Rib.Pau d'Alho
17,Itatinga,SABESP,19228,"83,2",100,"88,8",1038,271,"7,75",,Rio Novo
17,João Ramalho,PM,3908,100,100,"87,0",211,27,"9,70",,Cor.Água Bonita
17,Lucianópolis,SABESP,1909,100,100,"75,6",103,25,"8,11",,Cór.Água da Rosa
17,Lupércio,SABESP,4091,"92,3",100,"84,1",221,49,"8,43",,Cór.Santo Anastácio
17,Maracaí,SABESP,12753,"98,1",100,"86,8",689,102,"9,97",,Rib.do CerAvnoh eu mRiabs.Água das
17,Ocauçu,PM,3429,"93,1",100,"72,7",185,60,"7,50",,Cor.Tarumã
17,Óleo,SABESP,1614,100,100,"80,0",87,17,"10,00",,Córrego Lajeado
17,Ourinhos,SAE OURINHOS,112165,"99,3","81,8","78,0",6057,2219,"6,84",,"Rios ParCdóor.,  JPaacruaznianphaonema e"
17,Palmital,SAAE,20469,100,100,"84,0",1105,177,"10,00",,Cór.Água Parada
17,Paraguaçu Paulista,SABESP,41850,100,100,"94,8",2260,118,"10,00",,Rib.do Alegre e do Sapé
17,Pardinho,SABESP,5173,"70,5",100,"92,0",279,98,"6,98",,Rio Pardo
17,Paulistânia,SABESP,1250,"95,3",100,"84,2",68,13,"9,93",,Córrego Pinheirinho
17,Pedrinhas Paulista,SABESP,2623,"100,0",100,"90,0",142,14,"10,00",,R.Pedrinhas
17,Platina,SABESP,2839,"87,5",100,"80,0",153,46,"7,86",,Cór. Pari-Veado
17,Pratânia,SABESP,4070,100,100,"66,2",220,74,"7,80",,Rios da Prata e Claro
17,Quatá,SABESP,13428,"95,3",100,"91,0",725,96,"9,93",,Rib.Água da Bomba
17,Rancharia,PM,26670,"99,0",100,"63,0",1440,542,"7,54",,CórÁ.Ágguua ad da aR Laanvcahdaeriiraa e
17,Ribeirão do Sul,SABESP,3362,"93,9",100,"80,0",182,45,"8,29",,Rib.dos Pintos
17,Salto Grande,PM,8483,"70,0",100,"78,4",458,207,"6,62",,Rios Paranapanema e Novo
17,Santa Cruz do Rio Pardo,SABESP,44072,100,100,"86,0",2380,333,"10,00",,Rio Pardo
17,São Pedro do Turvo,PM,5526,100,100,"93,4",298,20,"10,00",,Rio São João
17,Tarumã,SABESP,14456,100,100,"74,0",781,203,"8,01",,Rib.do Tarumã
17,Ubirajara,SABESP,3521,100,100,"79,5",190,39,"8,17",,Córrego São João
18,Aparecida d'Oeste,SABESP,3376,"100,0",100,"89,0",182,20,"10,00",,Cór.do Boi
18,Auriflama,SABESP,13964,100,100,"84,7",754,115,"10,00",,Córrego do Limoeiro
18,Dirce Reis,SABESP,1367,"96,6",100,"84,0",74,14,"9,95",,Cór.Marimbondo
18,Floreal,SABESP,2342,100,100,"75,0",126,32,"8,38",,Córrego Grotão
18,General Salgado,SABESP,9242,100,100,"80,6",499,97,"10,00",,Cór.Buritis

18,Qualidade das Águas Interiores no Estado de São Paulo,,,,,,,,,,
,Município,Concessão,PoUprublaançaão,"Atendimento (%)
Coleta Tratamento",,Efic(i%ên)cia,"Carga Poluidora (kg
Potencial Remanesc.",,ICTEM,"Município
litocroâmneo
emissário*",Corpo Receptor
18,Guzolândia,SABESP,4522,"98,8",100,"88,0",244,32,"9,98",,Cór. Do Bagre
18,Ilha Solteira,PM,25230,"91,5",100,"54,4",1362,684,"6,61",,Rio Paraná
18,Jales,SABESP,46384,100,100,"88,0",2505,301,"10,00",,Cór.Marimbondo
18,Marinópolis,SABESP,1662,100,100,"89,0",90,10,"10,00",,Cór.Três Barras
18,Monte Aprazível,SABESP,23359,"100,0",100,"85,0",1261,189,"10,00",,Rio São José dos Dourados
18,Neves Paulista,DAE,8047,"95,0",100,"65,8",435,163,"7,19",,Córrego Jacutinga
18,Nhandeara,SABESP,9377,100,100,"90,4",506,49,"10,00",,Córr/e gCoó rrCeagboe cdeoir Pa eCrdoimdoprida
18,Nova Canaã Paulista,SABESP,759,100,100,"80,0",41,8,"10,00",,Solo
18,Palmeira d'Oeste,SABESP,6956,100,100,"88,0",376,45,"10,00",,Cór. Laranjeiras
18,Pontalinda,SABESP,3916,"90,1",100,"82,0",211,55,"8,15",,Cór.Lajeado
18,Rubinéia,SABESP,2626,"79,7",100,"85,9",142,45,"7,65",,Cór.Jacu
18,Santa Fé do Sul,SAAE,31505,100,100,"79,2",1701,354,"8,65",,Cór.da QMuueilam ea dCoór.Jacu
18,Santa Salete,SABESP,882,100,100,"86,0",48,7,"10,00",,Cór.da Paca e Perdizes
18,Santana da Ponte Pensa,SABESP,968,100,100,"86,0",52,7,"10,00",,Rib. Pororoca
18,São Francisco,SABESP,2183,100,100,"0,0",118,118,"3,50",,Cór.Botelho
18,São João das Duas Pontes,SABESP,1953,100,100,"89,6",105,11,"10,00",,Có. Da Lingüiça
18,São João de Iracema,Municipal,1584,100,100,"48,0",86,44,"6,62",,Cór.Saltinho
18,Sebastianópolis do Sul,SABESP,2784,"97,0",100,"90,0",150,19,"9,96",,Córrego do Januário Amaral
18,Suzanápolis,DAE,2712,"98,0",100,"79,7",146,32,"8,55",,Cór.da Perdida
18,Três Fronteiras,SABESP,4961,100,100,"85,0",268,40,"10,00",,Cór.Marruco
19,Alto Alegre,Sabesp,3215,"96,5",100,"85,6",174,30,"9,65",,Córrego do Coroados
19,Andradina,AÁNGDURAASD IDNEA,53433,"98,6",100,"74,9",2885,754,"7,98",,"CFiógr.uPeeirreai rea  SJãorod Pãeo,d rdoa"
19,Araçatuba,SAMAR,195368,"98,5",100,"93,4",10550,840,"9,98",,Ribeirão BaLgaufoaçn.u e Corrego
19,Avanhandava,DAAEA,11891,100,100,"68,5",642,202,"7,65",,Cór.Alambari e Cór.Jacutinga
19,Barbosa,PM,6369,"99,0",100,"68,0",344,112,"7,57",,Cór.Barbosinha e R.Tietê
19,Bento de Abreu,SABESP,2768,"92,4",100,"88,4",149,27,"9,59",,Rib.Azul
19,Bilac,PM,7538,100,100,"66,1",407,138,"7,50",,Cór.da Colônia
19,Birigui,PMB,122335,"98,0",100,"81,2",6606,1349,"8,34",,Ribeirão Baixotes
,,SASB (Serviço,,,,,,,,,
,,Autônomo de,,,,,,,,,
19,Braúna,Saneamento,5067,100,100,"69,3",274,85,"7,69",,Córrego Água Limpa
,,Ambiental de,,,,,,,,,
,,Braúna),,,,,,,,,
19,Brejo Alegre,SABESP,2387,"89,2",100,"84,0",129,32,"8,21",,Cór.do Macuco
19,Buritama,SAAEMB,16407,100,100,"53,0",886,416,"6,65",,Rib.Palmeiras

Apêndices,,,,,,,,,,,19
,Município,Concessão,PoUprublaançaão,"Atendimento (%)
Coleta Tratamento",,Efic(i%ên)cia,"Carga Poluidora (kg
Potencial Remanesc.",,ICTEM,"Município
litocroâmneo
emissário*",Corpo Receptor
19,Castilho,ÁCGASUTAISL HDOE,16241,100,100,"85,8",877,125,"9,70",,RiCbó.rG.Su.aRtoabpearrtáo e
19,Coroados,SABESP,5019,"94,9",100,"87,0",271,47,"9,92",,Cór.do Campo
19,Gastão Vidigal,SABESP,4399,"82,1",100,"91,0",238,60,"8,09",,Cór.Brioso e Solo
19,Glicério,SABESP,3566,"85,4",100,"82,3",193,57,"7,85",,Água Limpa
19,Guaraçaí,PM,6514,100,100,"71,7",352,100,"7,86",,Ribeirão IPglaunatoe Amlit oe Córrego
19,Guararapes,PM,30780,100,100,"50,5",1662,823,"6,48",,Rib.Barra GFrrauntdale e Córrego
19,Itapura,PM,3991,"80,0",100,"39,0",216,148,"5,23",,"Tietê,reseDrivsaptoósrtioo  hRiidorelétrico."
19,José Bonifácio,PM,34163,"99,0","98,0","79,3",1845,425,"8,46",,Cór.Cerradão
19,Lavínia,PM,6141,100,100,"61,0",332,129,"7,17",,Córrego Barreirão
19,Lourdes,SABESP,1894,100,100,"82,5",102,18,"10,00",,Cór.das Pedras
19,Macaubal,SAMA,7225,"99,0",100,"68,0",390,128,"7,37",,Ribeirão Ponte Nova
19,Magda,SABESP,2560,100,100,"89,0",138,15,"10,00",,Córrego Talhados
19,Mirandópolis,SAAEM,26556,"90,0",100,"58,0",1434,685,"6,44",,Ribeirão Claro.
19,Monções,SABESP,1958,100,100,"91,0",106,10,"10,00",,Córrego do Saltinho
19,Murutinga do Sul,PM,2781,100,100,"27,8",150,108,"4,81",,Cór.Seco
19,Nipoã,SABESP,4780,"92,5",100,"92,6",258,37,"9,59",,Cór. Cachoeira
19,Nova Castilho,Municipal,855,100,100,"39,0",46,28,"5,74",,Córrego Açoita Cavalo
19,Nova Luzitânia,SABESP,3783,"76,9",100,"93,1",204,58,"7,80",,Cór.do Matadouro
19,Penápolis,DAEP,61219,100,100,"65,3",3306,1147,"7,44",,Rib.Lajeado
19,Pereira Barreto,SAAE,23908,"99,0",100,"59,0",1291,537,"7,29",,Cór.Pederneiras
19,Planalto,SABESP,4531,"94,0",100,"85,2",245,49,"9,61",,Cór.São Jerônimo
19,Poloni,SABESP,5488,100,100,"80,0",296,59,"10,00",,Cór. Barreirinho
19,Promissão,SAAEP,34737,"99,0","99,0","90,0",1876,221,"9,98",,Rib.dos Patos
19,Rubiácea,SABESP,1830,100,100,"84,2",99,16,"9,70",,Cór.do Matadouro
19,SanAtor aAcnatnôgnuiáo do,PM,6687,100,100,"84,5",361,56,"9,70",,Cór.da Mata
19,Sud Mennucci,SABESP,6649,100,100,"85,8",359,51,"10,00",,Cór.Campestre
19,Turiúba,SABESP,1657,100,100,"91,3",89,8,"10,00",,Cór.Barreiro
19,Ubarana,PM,5943,100,100,"52,8",321,151,"6,93",,Cór.Bocaina
19,União Paulista,SABESP,1444,100,100,"80,0",78,16,"9,70",,Rib.Santa Bárbara
19,Valparaíso,DAEV,25823,"99,8",100,"36,0",1394,893,"5,54",,Cór PrimSauvseprira oe Cór.do
19,Zacarias,SABESP,2189,"95,9",100,"87,6",118,19,"9,94",,Córego da Arribada
20,Álvaro de Carvalho,SABESP,3377,"99,2",100,"95,1",182,10,"9,99",,Cór.Santa Cecília

20,Qualidade das Águas Interiores no Estado de São Paulo,,,,,,,,,,
,Município,Concessão,PoUprublaançaão,"Atendimento (%)
Coleta Tratamento",,Efic(i%ên)cia,"Carga Poluidora (kg
Potencial Remanesc.",,ICTEM,"Município
litocroâmneo
emissário*",Corpo Receptor
20,Arco-Íris,SABESP,1000,"98,0",100,"81,0",54,11,"8,63",,Cór.do Sumidouro
20,Clementina,PM,8477,100,100,"70,7",458,134,"7,80",,Cór.C.
20,Dracena,EMDAEP,43667,"93,1",100,"64,8",2358,935,"7,32",,Córregos dMasa rrMeacrarsequinhas e
20,Gabriel Monteiro,SABESP,2314,100,100,"80,2",125,25,"9,70",,Cór.Águas Claras
20,Garça,SAAE,40386,"99,5",100,"73,0",2181,598,"8,21",,Rib. da Garça e Rio Tibiriçá
20,Getulina,SAAE,8891,"80,0",100,"72,0",480,204,"6,94",,Cór.Gavanheri
20,Guaimbê,SAAE,5073,"99,0","99,0","75,0",274,73,"8,26",,Rib.Guaimbê
20,Herculândia,PM,8789,"96,3","95,0","84,6",475,107,"8,40",,Cor.da Água Boa e Rib. Iacri
20,Iacri,SABESP,4932,"97,6",100,"79,6",266,59,"8,51",,Cór.Jurema
20,Júlio Mesquita,PM,4589,100,100,"80,5",248,48,"10,00",,Cor.do Dudu
20,Lucélia,SABESP,19072,"97,9",100,"71,9",1030,305,"7,75",,Cór. Boa Esperança
20,Luiziânia,SABESP,5425,"86,4",100,"86,2",293,75,"8,14",,Ribeirão Luiziânia
20,Monte Castelo,PM,3292,"99,0",100,"82,2",178,33,"9,99",,Rib. Galante
20,Nova Guataporanga,SABESP,2025,100,100,"92,5",109,8,"9,70",,Cór. Costas
20,Nova Independência,PM,3297,100,100,"64,4",178,63,"7,69",,Corrego Independência
20,Pacaembu,PM,10555,"72,9",100,"45,0",570,383,"4,92",,Cór. Iracema e Pacaembu
20,Panorama,PM,15487,"92,8",100,"94,0",836,107,"9,89",,Rib. Das Marrecas
20,Parapuã,SABESP,8970,100,100,"93,1",484,33,"9,70",,Cór. Alheiro
20,Paulicéia,PM,6268,"60,0",100,"75,8",338,185,"5,56",,Cór. Itaí
20,Piacatu,SABESP,5374,"97,1",100,"81,3",290,61,"8,29",,Córrego Bela Vista
20,Pompéia,SAAE,20772,"95,0",100,"88,8",1122,175,"9,63",,CóRr.iCbaeibreãçoa  ddoe  FPuotrucroo e
20,Queiroz,SABESP,2984,100,100,"85,0",161,24,"10,00",,Cór.Matadouro
20,Quintana,SABESP,6164,100,100,"90,3",333,32,"9,70",,"Rib.Iacri, CóVr.eMaedrocedes e Cór."
20,Rinópolis,PM,8640,"99,5",100,"86,1",467,67,"9,99",,Cór.Andorinha
20,Salmourão,SABESP,4818,88,100,"74,1",260,91,"7,25",,Cór.Cupri
20,Santa Mercedes,SABESP,2559,"96,2",100,"88,2",138,21,"9,94",,R. das Marrecas
20,Santópolis do Aguapeí,SABESP,4693,"88,7",100,"89,4",253,52,"8,18",,Cór.Fartura
20,São João do Pau d'Alho,PM,1699,"100,0",100,"84,9",92,14,"9,70",,Cór.São João do pau d'alho
20,Tupã,SABESP,62983,100,100,"90,3",3401,330,"10,00",,Rib.Afonso XIII
20,Tupi Paulista,PM,12306,100,100,"76,5",665,156,"8,17",,Rib. Galante
20,Vera Cruz,PM,9393,"98,0",100,"86,1",507,79,"9,97",,Cór.Ipiranga
21,Adamantina,SABESP,33230,100,100,"78,4",1794,388,"8,60",,Rib. doEs sRpaernacnhçoas e Boa
21,Alfredo Marcondes,SABESP,3514,"99,0",100,"83,0",190,34,"9,99",,Córrego Montalvão

Apêndices,,,,,,,,,,,21
,Município,Concessão,PoUprublaançaão,"Atendimento (%)
Coleta Tratamento",,Efic(i%ên)cia,"Carga Poluidora (kg
Potencial Remanesc.",,ICTEM,"Município
litocroâmneo
emissário*",Corpo Receptor
21,Álvares Machado,SABESP,22593,100,100,"97,0",1220,37,"10,00",,CórrPergesoi ddeon Ltie mPoreuidroe n(tEeT).E de
21,Bastos,SABESP,18045,"99,0",100,"71,8",974,282,"8,11",,Rib.da Sede
21,Borá,SABESP,653,100,100,"92,0",35,3,"10,00",,Cór.do Borá
21,Caiabu,SABESP,3415,"90,6",100,"84,7",184,43,"8,35",,Cór.Água da Paineira.
21,Emilianópolis,SABESP,2677,"98,7",100,"80,0",145,30,"8,61",,Cór.Sto Antônio
21,Flora Rica,SABESP,1131,"89,4",100,"76,5",61,19,"7,49",,Cór. Afl. Do Ribeirão Perobal
21,Flórida Paulista,SABESP,11784,100,100,"89,8",636,65,"9,70",,Cór.Matadouro e Cór. Indaia
21,Indiana,PM,4168,"98,5",100,"85,0",225,37,"9,98",,Cór. Acampamento
21,Inúbia Paulista,SABESP,3540,"97,0",100,"87,1",191,30,"9,96",,Ribeirão dos Macacos
21,Irapuru,PM,5908,100,100,"80,0",319,64,"9,70",,Cór.Patrimônio
21,Junqueirópolis,PM,17251,100,100,"87,1",932,120,"9,70",,CóCr.a iPnognatne gSueecsa. e
21,Lutécia,SABESP,2086,100,100,"92,0",113,9,"10,00",,Cór.Boa Esperança
21,Mariápolis,SABESP,3283,"97,0",100,"85,0",177,31,"9,66",,Córrego Águas Floridas.
21,Marília,DAEM,231381,"80,0","0,0","0,0",12495,12495,"1,20",,"Cór.Cascatinha, do Pombo, do
Barbosa, Palmital, Cincinatina
e Rib.dos Índios"
21,Martinópolis,PM,22501,100,100,"80,7",1215,235,"10,00",,Córrego Capão Bonito
21,Oriente,SABESP,6136,100,100,"75,0",331,83,"8,38",,Cór.Jatobá
21,Oscar Bressane,SABESP,2154,"95,1",100,"88,0",116,19,"9,93",,Cór.do Saltinho
21,Osvaldo Cruz,SABESP,29760,"100,0",100,"80,0",1607,321,"9,70",,Cór. Wallesburgo
21,Ouro Verde,PM,7982,"95,0",100,"77,2",431,115,"7,90",,Ribeirão São Bento
21,Piquerobi,SABESP,2797,"97,0",100,"92,0",151,16,"9,96",,Cór. Da Represa.
21,Pracinha,SABESP,2073,100,100,"76,3",112,27,"8,16",,Ribeirão dos Macacos.
21,Ribeirão dos Índios,SABESP,1880,"96,8",100,"87,0",102,16,"9,95",,Afl. Rib.dos Indios
21,Sagres,SABESP,1843,"91,7",100,"84,2",100,23,"8,10",,Afl. do Cór. Queixada
21,Santo Expedito,SABESP,2793,"97,5",100,"90,0",151,18,"9,96",,Cór. Santo Expedito.
22,Anhumas,SABESP,3414,100,100,"85,0",184,28,"10,00",,Córrego São Pedro
22,Caiuá,PM,2305,100,100,"70,0",124,37,"8,05",,Ribeirão Caiuazinho
22,Estrela do Norte,SABESP,2191,100,100,"85,0",118,18,"10,00",,Rio Rebojo
22,Euclides da Cunha Paulista,SABESP,5917,"86,6",100,"79,0",320,101,"7,75",,Rio Paranapanema
22,Iepê,PM,7306,"95,0",100,"97,9",395,28,"9,93",,Rib.dos Patos
22,Marabá Paulista,SABESP,2688,"97,0",100,"83,0",145,28,"9,96",,Córrego Sagui.
22,Mirante do Paranapanema,SABESP,10843,"84,1",100,"86,0",586,162,"7,96",,Cór. da Figueira
22,Nantes,PM,2887,100,100,"80,0",156,31,"10,00",,Cór. Coroado.
22,Narandiba,SABESP,3584,100,100,"89,0",194,21,"10,00",,Cór. Laranjeira

22,Qualidade das Águas Interiores no Estado de São Paulo,,,,,,,,,,
,Município,Concessão,PoUprublaançaão,"Atendimento (%)
Coleta Tratamento",,Efic(i%ên)cia,"Carga Poluidora (kg
Potencial Remanesc.",,ICTEM,"Município
litocroâmneo
emissário*",Corpo Receptor
22,Pirapozinho,SABESP,26578,"94,5",100,"68,0",1435,513,"7,60",,Rib.Pirapozinho
22,Presidente Bernardes,SABESP,10015,"81,6",100,"94,0",541,126,"8,21",,Cór.BaGrruoa rPurceatioa e Cór.
22,Presidente Epitácio,SABESP,41581,"93,1",100,"85,0",2245,468,"8,54",,Rio Paraná
22,Presidente Prudente,SABESP,227221,100,100,"96,9",12270,380,"9,70",,"LRiimoos eiMroa ned Caógru. adria,  ACnótra.."
22,Presidente Venceslau,PM,37935,"98,0",100,"90,0",2048,242,"9,47",,Rib.VeaAdnoa set aCcóiro. Santo
22,Regente Feijó,SABESP,18919,"100,0",100,"86,5",1022,138,"10,00",,Cór. Imbiri e Cór. Da Represa
22,Rosana,SABESP,12828,"79,5",100,"88,5",693,205,"7,76",,Rio Paranapanema
22,Sandovalina,SABESP,3074,"87,7",100,"84,0",166,44,"8,11",,Rib. Taquaruçú
22,Santo Anastácio,SABESP,19434,"97,8",100,"92,6",1049,99,"9,97",,Cor.7 de SFeitgeumeibrrao e Cór. Da
22,Taciba,SABESP,5410,100,100,"83,0",292,50,"10,00",,Cór. da Formiga
22,Tarabai,SABESP,7035,"88,1",100,"78,8",380,116,"7,83",,Ribeirão do Rebojo
22,Teodoro Sampaio,SABESP,18996,100,100,"83,5",1026,169,"10,00",,R.Paranapanema
,,Somatória,44.767.107,---,---,---,2.417.424,978.813,---,,---
,Estado de São Paulo,Média,---,89,69,86,---,---,"7,06",,---
"* Municípios litorâneos com emissários: para os municipios: Santos, Praia Grande, Guarujá e Ilha Bela, que possuem Sistema de Disposição Oceânica de Esgotos, foi utilizada",,,,,,,,,,,
uma nova metodologia do cálculo do ICTEM baseada em remoção de sólidos suspensos totais na EPC e no IQAC - Índice de Qualidade de Águas Costeiras - CETESB,,,,,,,,,,,
"N.D.: não determinado uma vez que para município com sistema de emissário submarino precedido de EPC, não existe atribuição legal para redução de matéria orgânica",,,,,,,,,,,

